,"Average Days in Stock","Current","1 - 60","61 - 120","121 - 180","> 180","TOTAL"
"Inventory","","","","","","",
"20-0129-0256 (LCD for 20-3011-1263)",284.00,0.00,0.00,0.00,0.00,2875.00,2875.00
"20-0129-0313 (LCD for 20-3006-1223, 35.9’’ ultrawide R Series screen)",367.00,0.00,0.00,0.00,0.00,210.00,210.00
"20-0130-1267 (610mm 2pin m/f speaker extender wires)",681.00,0.00,0.00,0.00,18.76,43.58,62.34
"20-0130-1284 (Cable Mountable USB extension cable, 1.5m/4.9 feet USB 3.0)",928.00,0.00,0.00,0.00,0.00,109.02,109.02
"20-0130-1287 (Extension wire for 20-3000-1060, 3pin, M/F, 610mm)",935.00,0.00,0.00,0.00,0.00,31.20,31.20
"20-0130-1335 (MiniUSB to USB)",1480.00,0.00,0.00,0.00,0.00,4.32,4.32
"20-0130-1354 (Cable Mountable USB-A (M<>F) extension cable, 1.5m/4.9 feet USB 2.0)",141.00,0.00,0.00,4.90,9.80,0.00,14.70
"20-0130-1366 (Cable 36"" GPIO Button extension cable, 4 pin connector)",2013.00,0.00,0.00,0.00,0.00,60.48,60.48
"20-0130-1376 (Molex power cord extender - large connector)",176.00,0.00,0.00,0.00,15.40,0.00,15.40
"20-0130-1387 (mini (HS123) Molex Y splitter into mini molex and barrel connectors)",1505.00,0.00,0.00,0.00,0.00,294.80,294.80
"20-0130-1389 (Mountable HDMI extender)",2199.00,0.00,0.00,0.00,0.00,18.00,18.00
"20-0130-1407 (Mini Molex power cord extender, 99 inches)",911.00,0.00,0.00,0.00,0.00,9.04,9.04
"20-0130-1440 (Cable Adapter cable, Mini Molex (HS123) to micro Molex (BrightSign ...",1011.00,0.00,0.00,0.00,0.00,67.90,67.90
"20-0130-1459 (Molex power cord extender - micro connector Male x Female, 1.6m)",264.00,0.00,0.00,0.00,0.00,170.00,170.00
"20-0130-1483 (Cable 3.5mm Audio Cable, Male/Male, 24"" Wire)",394.00,0.00,0.00,0.00,0.00,79.92,79.92
"20-0130-1498 (Cable 5 meter extension cable for micro Molex power adapter, female...",101.00,0.00,0.00,38.00,0.00,0.00,38.00
"20-0130-1509 (micro (BrightSign Built-In) Molex Y splitter into micro molex and b...",143.00,0.00,0.00,0.00,7.70,0.00,7.70
"20-0130-1593 (Molex power cord extender - micro connector Male x Female, 99 inches)",143.00,0.00,0.00,0.00,32.76,0.00,32.76
"20-0130-1719 (Update Cable for LCD firmware)",192.00,0.00,0.00,0.00,14.00,14.84,28.84
"20-0130-1936 (Cable USB cable,  Male to 5pin 2.0, 1.2 meter)",245.00,0.00,0.00,0.00,0.00,11.20,11.20
"20-0130-2083 (Cable USB A to Mini USB 1.5m cable)",60.00,0.00,59.00,0.00,0.00,0.00,59.00
"20-0150-0022 (Speaker 8ohm 2w on 150mm lead. Plastic body with mounting holes)",2314.00,0.00,0.00,0.00,0.00,143.20,143.20
"20-0150-0201 (Speaker 4ohm 3w on 350mm lead. 2 mounting holes)",128.00,0.00,0.00,0.00,9.44,0.00,9.44
"20-0150-0217 (Cable Power Cable,Type A, 1.5M, 3 plug)",1218.00,0.00,0.00,0.00,4.80,23.04,27.84
"20-0150-0338 (2.5"" speaker with mounting holes on 20"" lead 8ohm 2w for C300)",1573.00,0.00,0.00,0.00,0.00,146.81,146.81
"20-0150-0378 (2.5"" speaker 4ohm 3w on 350mm lead)",141.00,0.00,0.00,0.00,0.75,0.00,0.75
"20-0150-0480 (Power Adapter Type A/F/C/I/G, 12V/3A, Mini Molex 4pin, Wallwart, 1....",927.00,0.00,0.00,0.00,0.00,679.71,679.71
"20-0150-0486 (Power Adapter Type A, 12V/3A, Mini Molex 4pin, Wallwart, 1.2m cord  )",1317.00,0.00,0.00,0.00,0.00,6.15,6.15
"20-0150-0577 (Power Adapter,Type I,  1.5M, 2 plug)",144.00,0.00,0.00,20.75,0.00,12.45,33.20
"20-0150-0578 (Power Adapter,Type F, 1.5M, 2 plug)",47.00,0.00,35.00,15.40,0.00,0.00,50.40
"20-0150-0579 (Power Adapter,Type G, 1.5M, 2 plug)",79.00,0.00,0.00,19.26,0.00,0.00,19.26
"20-0150-0581 (Power Adapter,Type F, 1.5M, 3 plug)",171.00,0.00,49.50,0.00,0.00,38.61,88.11
"20-0150-0582 (Power Adapter,Type G, 1.5M, 3 plug)",499.00,0.00,69.00,0.00,0.00,46.92,115.92
"20-0150-0583 (Power Adapter,Type I, 1.5M, 3 plug)",1246.00,0.00,0.00,0.00,0.00,39.24,39.24
"20-0150-0599 (Power Adapter Type A, 12V/2A, Mini Molex 2pin, Wallwart, 1.5m cord  )",1801.00,0.00,0.00,0.00,0.00,22.80,22.80
"20-0150-0603 (Power Adapter Type A, 12V/2A, Micro Molex 4pin, Wallwart, 1.5m cord...",24.00,0.00,157.32,0.00,0.00,0.00,157.32
"20-0150-0638 (Power Adapter Type C/F, 12V/2A, Micro Molex 4pin, Wallwart, 1.5m co...",1012.00,0.00,0.00,0.00,0.00,149.34,149.34
"20-0150-0641 (Power Adapter Type A, 12V/3A, Micro Molex 4pin, Wallwart, 1.8m cord...",11.00,0.00,44.44,0.00,0.00,0.00,44.44
"20-0150-0642 (Power Adapter Type A, 12V/4A, Micro Molex 4pin, Brick, 3m cord, UL ...",221.00,0.00,0.00,0.00,0.00,186.88,186.88
"20-0150-0652 (Three port USB 2.0 plug/hub)",1551.00,0.00,0.00,0.00,0.00,51.50,51.50
"20-0150-0653 (Power Adapter Type A/F/C/I/G, 12V/3A, Micro Molex 4pin, Wallwart, 1...",111.00,0.00,85.60,0.00,458.00,27.48,571.08
"20-0150-0656 (Cable Mini HDMI to HDMI cable, 3m length)",60.00,0.00,48.42,0.00,0.00,0.00,48.42
"20-0150-0663 (mini-HDMI cable, 59 inches)",1697.00,0.00,0.00,0.00,0.00,17.36,17.36
"20-0150-0665 (Cable 5 ft USB-C to USB-C cable)",1743.00,0.00,0.00,0.00,0.00,93.60,93.60
"20-0150-0684 (Power Supply, 12V 2A, barrel connector, Special, vertical insertion...",1023.00,0.00,0.00,0.00,0.00,869.40,869.40
"20-0150-0711 (Power Adapter 12V/2A DC5.5x2.1 4pin Wall wart 1.5m cord International)",483.00,0.00,0.00,0.00,0.00,73.92,73.92
"20-0150-0826 (Power Adapter Type A,  24V/12.5A Power Adapter for 20-3012-1026    )",239.00,0.00,0.00,0.00,0.00,235.00,235.00
"20-0160-0792 (Micro SD Card cover)",176.00,0.00,0.00,0.00,49.60,0.00,49.60
"20-0160-0846 (Back Side Metal with Dual Antenna holes for 20-3008-1002 10.1"" Unit...",473.00,0.00,0.00,0.00,0.00,35.53,35.53
"20-0160-1000 (Back Side Metal with Dual Antenna holes for 20-3008-1067 32"" Unit P...",472.00,0.00,0.00,0.00,0.00,18.84,18.84
"20-0160-1016 (Back Side Metal with Dual Antenna holes for 20-3008-1068 32"" Unit T...",472.00,0.00,0.00,0.00,0.00,24.80,24.80
"20-0160-1129 (Back Side Metal with Dual Antenna holes for 20-3008-1158 22"" Square)",473.00,0.00,0.00,0.00,0.00,3.19,3.19
"20-0160-1184 (Back Side Metal with Dual Antenna holes for 20-3008-1052 13.3"" Unit...",473.00,0.00,0.00,0.00,0.00,40.66,40.66
"20-0160-1379 (Back Side Metal with Dual Antenna holes for 20-3008-1046 10.1"" Unit...",473.00,0.00,0.00,0.00,0.00,21.00,21.00
"20-0160-1459 (Custom bracket for Verizon wall fixture 15"" BrightSign Built-In)",1366.00,0.00,0.00,0.00,0.00,28.20,28.20
"20-0160-1475 (Back Metal Housing for 20-3009-1002)",472.00,0.00,0.00,0.00,0.00,18.72,18.72
"20-0160-1484 (Back Side Metal with Dual Antenna holes for 20-3009-1003 15.6"" Unit)",472.00,0.00,0.00,0.00,0.00,13.59,13.59
"20-0160-1496 (Black 39.4"" LiveTry Bracket - Center Notch for , Direct/Corp stores)",1.00,0.00,20.24,0.00,0.00,0.00,20.24
"20-0160-2034 (Stand, VESA folding stand)",1489.00,0.00,0.00,0.00,0.00,832.93,832.93
"20-0160-2035 (Screw KM3*5mm Iron Black)",176.00,0.00,0.00,0.00,37.50,0.00,37.50
"20-0160-2601 (Accessory to 20-0160-1475, for Metal Housing of 20-3009-1002.)",473.00,0.00,0.00,0.00,0.00,0.52,0.52
"20-0160-2896 (Black Back Plate for 20-3011-1263)",262.00,0.00,0.00,0.00,0.00,4.14,4.14
"20-0160-2902 (Black Back Cover for 20-3011-1263)",262.00,0.00,0.00,0.00,0.00,4.14,4.14
"20-0160-3664 (Box : 27"" for 20-3006-1062)",123.00,0.00,0.00,0.00,82.92,0.00,82.92
"20-0160-3665 (Packaging for 27"" for 20-3006-1062)",123.00,0.00,0.00,0.00,0.00,0.00,0.00
"20-0160-3666 (Packaging for 27"" for 20-3006-1062)",123.00,0.00,0.00,0.00,0.00,0.00,0.00
"20-0160-3719 (Box : 27"" for 20-3006-1062)",123.00,0.00,0.00,0.00,0.00,0.00,0.00
"20-0160-7474 (White 39.4"" LiveTry Bracket - Center Notch for , Direct/Corp stores)",88.00,0.00,0.00,9.60,0.00,0.00,9.60
"20-3000-0187 (BrightSign Built-In USB 10+1 push button board)",638.00,0.00,0.00,0.00,0.00,63.50,63.50
"20-3000-0431 (R Series Core Board 2GB DDR 32GB eMMC)",306.00,0.00,0.00,671.50,671.50,327.67,1670.67
"20-3000-0432 (R Series Core Board 4GB DDR 16GB eMMC)",94.00,0.00,0.00,1516.80,303.36,0.00,1820.16
"20-3000-0436 (R Series Core Board 4GB DDR 64GB eMMC)",393.00,0.00,0.00,0.00,515.46,253.14,768.60
"20-3000-0456 (Touch screen board for 20-3012-1039)",367.00,0.00,0.00,0.00,0.00,200.00,200.00
"20-3000-0458 (USB Camera Module, 5M Pixel Color CMOS Sensor)",184.00,0.00,0.00,0.00,0.00,21.60,21.60
"20-3000-0468 (Remote Control for 20-3012-1039)",15.00,0.00,5.70,0.00,0.00,0.00,5.70
"20-3000-0490 (UP board N3350 2GB/32GB)",500.00,0.00,0.00,0.00,0.00,135.20,135.20
"20-3000-0499 (Wifi Module, Intel, Wi-Fi5, 3165)",409.00,0.00,0.00,0.00,0.00,76.08,76.08
"20-3000-0500 (G2 Intel Celeron J6412, 4GB/64GB, with fan, audio out, 6xUSB, HDMI-...",603.00,0.00,0.00,0.00,0.00,320.00,320.00
"20-3000-0517 (G1 Intel Celeron 4GB/32GB, no fan, audio out, MIC in, 2xUSB, Serial...",480.00,0.00,0.00,0.00,0.00,1325.35,1325.35
"20-3000-0518 (G1 Intel Celeron 4GB/128GB, no fan, audio out, MIC in, 2xUSB, Seria...",409.00,0.00,0.00,0.00,0.00,575.95,575.95
"20-3000-0519 (G1 Intel Celeron 4GB/64GB, no fan, audio out, MIC in, 2xUSB, Serial...",297.00,0.00,0.00,0.00,0.00,311.52,311.52
"20-3000-0528 (V56 Companion Board for 20-3009-1270)",231.00,0.00,0.00,0.00,0.00,30.00,30.00
"20-3000-0551 (128GB mSATA SSD for G1)",455.00,0.00,0.00,0.00,0.00,44.50,44.50
"20-3000-0559 (Intel N97 board 16GB/128GB)",115.00,0.00,0.00,5557.50,0.00,0.00,5557.50
"20-3000-0568 (Intel N97 board 8GB/128GB)",5.00,0.00,7837.11,0.00,0.00,0.00,7837.11
"20-3000-0569 (Intel N97 board 4GB/128GB)",272.00,0.00,0.00,0.00,0.00,206.28,206.28
"20-3000-0572 (Intel N97 board 8GB/64GB)",143.00,0.00,0.00,0.00,112.25,0.00,112.25
"20-3000-0578 (Intel wifi5 9560 w/ 2x ANT)",17.00,0.00,164.40,0.00,0.00,0.00,164.40
"20-3000-1060 (Motion sensor 610mm wire length)",1715.00,0.00,4.47,0.00,0.00,132.99,137.46
"20-3000-1096 (BUTTON White plastic LED button standard wire length /3pin)",2226.00,0.00,0.00,0.00,0.00,38.50,38.50
"20-3000-1107 (Empty battery clip for 8 piece ""D"" cell batteries)",2314.00,0.00,0.00,0.00,0.00,143.50,143.50
"20-3000-1158 (BUTTON White Metal LED Button Installation Size 16mm 610mm wire 3pi...",961.00,0.00,0.00,0.00,0.00,36.54,36.54
"20-3000-1173 (15.6"" Open Frame Quad Corre Android Touch 1920x1080)",2314.00,0.00,0.00,0.00,0.00,683.40,683.40
"20-3000-1181 (7"" C300 Frameless / Metal no back cover 800x480)",2314.00,0.00,0.00,0.00,0.00,943.89,943.89
"20-3000-1200 (Empty battery clip for 6 piece ""D"" cell batteries)",1994.00,0.00,0.00,0.00,0.00,0.00,0.00
"20-3000-1203 (10.1"" Open Frame C300 Narrow frame 1280x800)",2314.00,0.00,0.00,0.00,0.00,0.00,0.00
"20-3000-1232 (10.1"" Frameless C300 Metal 1280x800)",1584.00,0.00,0.00,0.00,0.00,273.65,273.65
"20-3000-1234 (13.3"" Frameless Android Quad Core M802 Metal Standard 1920x1080)",2314.00,0.00,0.00,0.00,0.00,564.82,564.82
"20-3000-1278 (7"" C300 Metal Frameless Standard Config 800x480)",2314.00,0.00,0.00,0.00,0.00,932.36,932.36
"20-3000-1280 (Red Metal LED Button Installation Size 16mm 610mm wire 3pin 3.3V)",1932.00,0.00,0.00,0.00,0.00,224.54,224.54
"20-3000-1289 (BUTTON Metal Button with White LED Installation Size 16mm 610mm wir...",1943.00,0.00,0.00,0.00,0.00,403.52,403.52
"20-3000-1303 (7"" Frameless C300 Metal Low Cost Config Micro SD 800x480)",1135.00,0.00,0.00,0.00,0.00,576.29,576.29
"20-3000-1312 (5"" Frameless C300 Metal Low Cost Config 800x480)",2314.00,0.00,0.00,0.00,0.00,831.17,831.17
"20-3000-1325C4 (SOUND BOARD Custom Sound Board 4 spk support 3A Power)",2314.00,0.00,0.00,0.00,0.00,533.14,533.14
"20-3000-1363 (BUTTON Two 19mm metal buttons white LED ring GPIO assembly 36"" lead...",327.00,0.00,0.00,0.00,0.00,670.14,670.14
"20-3000-1364 (BUTTON One 19mm metal button, white LED ring GPIO assembly 36' lead...",564.00,0.00,0.00,0.00,0.00,104.62,104.62
"20-3000-1370 (BUTTON 19mm metal button White LED 3-pin for V, 36"" with in line co...",423.00,0.00,0.00,0.00,4.26,55.38,59.64
"20-3000-1371 (BUTTON 19mm metal button White LED 3-pin for V, 72 inches with in l...",973.00,0.00,0.00,0.00,0.00,127.95,127.95
"20-3000-1374 (BUTTON 19mm metal button White LED 3-pin for V 54""  in line connect...",143.00,0.00,0.00,0.00,64.96,0.00,64.96
"20-3000-1382 (USB button box with 1.5m USB2.0 cable supports 10x4 pin push button...",1140.00,0.00,0.00,0.00,0.00,115.48,115.48
"20-3000-1387 (Desktop VESA White stand tunnel for cables inside mount)",1249.00,0.00,0.00,0.00,0.00,112.64,112.64
"20-3000-1393 (BUTTON 19mm one metal button, white LED ring, GPIO assembly, 244"" l...",312.00,0.00,0.00,0.00,0.00,40.14,40.14
"20-3000-1404 (10.1"" Repair Kit for LG&P Touch 20-3004-1002)",762.00,0.00,0.00,0.00,0.00,0.00,0.00
"20-3000-1406 (10.1"" Repair Kit for Sonos Touch Screen 20-3004-1015)",627.00,0.00,0.00,0.00,0.00,6017.26,6017.26
"20-3000-1419 (BUTTON 19mm Metal Button White LED Ring 4 Pin 24"" Wire)",31.00,0.00,28.73,0.00,0.00,0.00,28.73
"20-3000-1427 (BUTTON 19mm metal button Red LED ring 72” lead 4pin)",1193.00,0.00,0.00,0.00,0.00,1681.75,1681.75
"20-3000-1440 (7"" Flexible LED Strips - 3528120M 24"" Wire)",1515.00,0.00,0.00,0.00,0.00,70.20,70.20
"20-3000-1442 (BUTTON 19mm Touchless Button 1 Button with GPIO Terminal 610mm Wire...",715.00,0.00,0.00,0.00,0.00,418.82,418.82
"20-3000-1447 (LCD for 20-3008-1085)",728.00,0.00,0.00,0.00,0.00,793.50,793.50
"20-3000-1448 (LCD for 20-3008-1095)",762.00,0.00,0.00,0.00,0.00,0.00,0.00
"20-3000-1449 (LCD for 20-3008-1101)",762.00,0.00,0.00,0.00,0.00,0.00,0.00
"20-3000-1450 (V-Series companion boards for BrightSign Built-In 10.1""  15.6"" Fini...",1637.00,0.00,0.00,0.00,0.00,481.84,481.84
"20-3000-1453 (BUTTON 19mm Touchless Button with 3pin Connector 610mm Wire with Li...",1213.00,0.00,0.00,0.00,0.00,257.16,257.16
"20-3000-1454 (BUTTON Touchless Button Control Board 3pin Connections)",478.00,0.00,0.00,0.00,0.00,18.00,18.00
"20-3000-1455 (BUTTON 19mm Touchless Button, 2 Buttons with GPIO Terminal 610mm Wi...",1614.00,0.00,0.00,0.00,0.00,50.75,50.75
"20-3000-1460 (BUTTON 19mm Touchless Button 4pin Connector 24” wire)",1450.00,0.00,0.00,0.00,0.00,572.00,572.00
"20-3000-1462 (Audio board 3 outpu, standard push button compatible)",254.00,0.00,0.00,0.00,0.00,112.26,112.26
"20-3000-1464 (Audio board 3 output touchless sensor compatible)",1395.00,0.00,0.00,0.00,0.00,930.80,930.80
"20-3000-1465 (Audio board, 6 output, touchless sensor compatible)",1400.00,0.00,0.00,0.00,0.00,1058.94,1058.94
"20-3000-1466 (BUTTON 19mm Touchless Button 3pin Connector 1016mm wire break/conne...",1523.00,0.00,0.00,0.00,0.00,39.60,39.60
"20-3000-1469 (Flex LED strip: 12” LED 3528 120/M cool white 24” wire tail 2 pin c...",1205.00,0.00,0.00,0.00,0.00,37.50,37.50
"20-3000-1486 (WiFi and Antenna for R Series)",10.00,0.00,50.38,0.00,0.00,0.00,50.38
"20-3000-1487 (BUTTON 19mm two metal buttons, white LED ring, GPIO assembly, 244"" ...",1037.00,0.00,0.00,0.00,0.00,7.87,7.87
"20-3000-1488 (R Series 4K Media Player Box, 12V/2A, w/o Core Board)",949.00,0.00,0.00,0.00,0.00,144.36,144.36
"20-3000-1501 (19mm (three pcs) Button with Full size 12-pin GPIO for BrightSign P...",927.00,0.00,0.00,0.00,0.00,7.90,7.90
"20-3000-1503 (BUTTON 19mm Button with Full size 12-pin GPIO for BrightSign Purple...",60.00,0.00,17.50,0.00,0.00,0.00,17.50
"20-3000-1504 (BUTTON 19mm Contactless Button, 36” (915mm) Lead for V-Series)",263.00,0.00,0.00,0.00,0.00,99.00,99.00
"20-3000-1515 (2.5” 4ohm/3W Speaker LS660010)",501.00,0.00,0.00,0.00,0.00,23.00,23.00
"20-3000-1521 (Update Cable for Daisy Chain)",379.00,0.00,0.00,0.00,0.00,36.54,36.54
"20-3000-1524 (Enclosure for Intel Board)",219.00,0.00,0.00,0.00,0.00,246.29,246.29
"20-3000-1527 (Ceiling Mount Kit for Dual FlexOS 46"" and Dual FlexOS 55"")",297.00,0.00,0.00,0.00,0.00,149.46,149.46
"20-3000-1531 (Glass Mounting Bracket for Visix 10.1"")",81.00,0.00,0.00,89.92,0.00,0.00,89.92
"20-3000-1535 (Replacement LCD Kit, 20-3008-1049)",192.00,0.00,0.00,0.00,0.00,60.00,60.00
"20-3000-1538 (Board 20-3001-0204 with the PoE module attached)",32.00,0.00,220.00,0.00,0.00,0.00,220.00
"20-3000-1542 (Power Adapter, Type-G power cord with waterproof connector for 55in...",122.00,0.00,0.00,0.00,0.00,0.00,0.00
"20-3000-1544 (LCD for 20-3018-1016)",87.00,0.00,0.00,58.74,0.00,0.00,58.74
"20-3000-1547 (BUTTON Capacitive Touch Button, 36” lead w/ break in center)",59.00,0.00,8.00,0.00,0.00,0.00,8.00
"20-3000-1548 (Power Adapter 480W power supply for 20-3018-0027)",50.00,0.00,380.00,0.00,0.00,0.00,380.00
"20-3000-1549 (Power Adapter 185W power supply for 20-3018-0027)",50.00,0.00,124.00,0.00,0.00,0.00,124.00
"20-3000-1550 (Companion board with PoE for 20-3018-1015)",32.00,0.00,297.00,0.00,0.00,0.00,297.00
"20-3001-0089 (SONOS companion boards for 10.1"" 20-3004-1015)",1670.00,0.00,0.00,0.00,0.00,752.40,752.40
"20-3001-0118 (V-Series companion boards for BrightSign Built-In  21.5"" . 32.0"" Fi...",1262.00,0.00,0.00,0.00,0.00,1189.00,1189.00
"20-3001-0162 (19"" UW Dual Daisy chain main board for 20-3002-1172 units)",522.00,0.00,0.00,0.00,0.00,72.21,72.21
"20-3001-0176 (Semi-finished product, BF-HS124-V56-V1.2 after welding, Finished)",421.00,0.00,0.00,0.00,0.00,627.30,627.30
"20-3001-0192 (Semi-finished product, BF-HS124-V56-V1.2 post-weld Finished, custom...",254.00,0.00,210.00,0.00,0.00,210.00,420.00
"20-3001-0200 (Semi-finished product, BF-V56-ITE6661-V2.4 after welding, with audi...",450.00,0.00,0.00,0.00,0.00,247.80,247.80
"20-3001-0204 (Semi-finished product, BF-HS124-V56-V1.2 after welding, Finished, P...",394.00,0.00,0.00,0.00,0.00,840.00,840.00
"20-3001-0221 (Companion board for 20-3012-1039)",388.00,0.00,0.00,0.00,0.00,223.50,223.50
"20-3001-0222 (Semi-finished product, BF-HS144-UHDLH-1.2 post-welding, V Bye One, ...",270.00,0.00,595.40,0.00,0.00,1161.03,1756.43
"20-3001-0224 (Semi-finished product, BF-HS144-UHDLH-1.2 post-welding, LVDS, Finis...",273.00,0.00,618.00,0.00,0.00,1236.00,1854.00
"20-3001-0234 (Semi-finished products, BF-MST9UHL-ITE6661-V1.2 after welding, opti...",450.00,0.00,0.00,0.00,0.00,727.40,727.40
"20-3001-0236 (Semi-finished products, BF-HS124-V56-V2.0 post-welding, customized ...",476.00,0.00,0.00,0.00,0.00,209.10,209.10
"20-3001-0238 (Semi-finished products,BF-MST9UHL-ITE6661-V1.2, 35” custom)",269.00,0.00,0.00,0.00,0.00,363.70,363.70
"20-3001-0268 (Semi-finished product, BF-HS124-V56-V1.2 post-weld Finished, custom...",476.00,0.00,0.00,0.00,0.00,193.10,193.10
"20-3001-0270 (Semi-finished products, BF-HS144-UHDLH-1.1 post-weld, LVDS, Finishe...",476.00,0.00,0.00,0.00,0.00,309.00,309.00
"20-3001-1001 (18.5"" BOSE Monitor 1366x768)",2314.00,0.00,0.00,0.00,0.00,0.00,0.00
"20-3001-1018 (19.5"" Open Frame Molex 1600x900)",2314.00,0.00,0.00,0.00,0.00,79.22,79.22
"20-3002-1001 (10.1” Frameless V-Series 1280x800)",830.00,0.00,0.00,0.00,0.00,0.00,0.00
"20-3002-1009 (19.5"" Frameless V-Series 1600x900)",830.00,0.00,0.00,0.00,0.00,0.00,0.00
"20-3002-1014 (23"" Frameless V-Series Touch 1920x1080)",830.00,0.00,0.00,0.00,0.00,0.00,0.00
"20-3002-1034 (19.5"" Frameless V-Series 1920x1080)",830.00,0.00,0.00,0.00,0.00,0.00,0.00
"20-3002-1035 (19.5"" Frameless V-Series Touch 1920x1080)",830.00,0.00,0.00,0.00,0.00,0.00,0.00
"20-3002-1036 (21.5"" Frameless V-Series 300nits CR3000:1 1920x1080)",630.00,0.00,0.00,0.00,0.00,1065.10,1065.10
"20-3002-1037 (21.5” Frameless V-Series Touch 1920x1080)",830.00,0.00,0.00,0.00,0.00,0.00,0.00
"20-3002-1045 (10.1” Frameless V-Series BBY 260.6x140mm mounting holes 1280x800)",830.00,0.00,0.00,0.00,0.00,0.00,0.00
"20-3002-1083 (8"" Frameless V-Series Touch  Camera Imbedded 1024x600)",830.00,0.00,0.00,0.00,0.00,0.00,0.00
"20-3002-1091 (10.1” Frameless V-Series Duco replacement BBY Mount 245x106mm 1280x...",830.00,0.00,0.00,0.00,0.00,0.00,0.00
"20-3002-1092 (10.1” Frameless V-Series TTL to RS232 Nexmosphere 1280x800)",830.00,0.00,0.00,0.00,0.00,0.00,0.00
"20-3002-1104 (21"" UW Finished No Glass Daisy Chain 1920x132)",830.00,0.00,0.00,0.00,0.00,0.00,0.00
"20-3002-1113 (15.6"" Frameless V-Series Touch Symmetrical Bezel V2.0 1920x1080)",830.00,0.00,0.00,0.00,0.00,0.00,0.00
"20-3002-1118 (22.9"" UW Finished Slim Gen 2 No Glass Daisy Chain 1920x165)",367.00,0.00,0.00,0.00,0.00,0.00,0.00
"20-3002-1119 (22.9"" UW Finished V-Series Slim Gen2 No Glass Daisy chain Double 19...",830.00,0.00,0.00,0.00,0.00,0.00,0.00
"20-3002-1125 (23.1"" UW-Shelf Finished V-series, Daisy Chain, 158x1920)",518.00,0.00,0.00,0.00,0.00,303.10,303.10
"20-3002-1130 (19.0"" UW Finished V-Series Slim Gen2 No Glass Daisy Chain 1920x360)",830.00,0.00,0.00,0.00,0.00,0.00,0.00
"20-3002-1171 (34.2” UW Custom Finished Arrow V-Series Standard V1.1 3ft Header – ...",830.00,0.00,0.00,0.00,0.00,0.00,0.00
"20-3002-1177 (28"" UW Finished V-Series HDMI input Touch 1920x360)",830.00,0.00,0.00,0.00,0.00,0.00,0.00
"20-3002-2001 (10.1” Frameless V-Series 1280x800)",96.00,0.00,0.00,1520.80,76.04,0.00,1596.84
"20-3002-2002 (10.1"" Frameless V-Series Touch 1280x800)",668.00,0.00,0.00,947.10,0.00,817.92,1765.02
"20-3002-2003 (11.6"" Frameless V-Series 1920x1080)",153.00,0.00,0.00,869.20,0.00,600.25,1469.45
"20-3002-2004 (11.6"" Frameless V-Series Touch 1920x1080)",29.00,0.00,1080.00,0.00,0.00,0.00,1080.00
"20-3002-2005 (13.3"" Frameless V-Series 1920x1080)",60.00,0.00,1788.60,0.00,0.00,0.00,1788.60
"20-3002-2006 (13.3"" Frameless V-Series Touch 1920x1080)",72.00,0.00,0.00,553.65,0.00,0.00,553.65
"20-3002-2007 (15.6"" Frameless V-Series 1920x1080)",141.00,0.00,0.00,0.00,1085.40,0.00,1085.40
"20-3002-2033 (32"" Frameless V-Series V2.0 1920x1080)",393.00,0.00,0.00,0.00,0.00,448.53,448.53
"20-3002-2034 (19.5"" Frameless V-Series 1920x1080)",465.00,0.00,0.00,0.00,0.00,804.80,804.80
"20-3002-2036 (21.5"" Frameless V-Series 300nits CR3000:1 1920x1080)",3.00,0.00,2326.86,0.00,0.00,0.00,2326.86
"20-3002-2037 (21.5” Frameless V-Series Touch 1920x1080)",928.00,0.00,0.00,0.00,0.00,173.61,173.61
"20-3002-2043 (27"" Frameless V-Series 1920x1080)",136.00,0.00,0.00,298.82,900.66,0.00,1199.48
"20-3002-2052 (15.6"" Finished V-Series Touch 1920x1080)",387.00,0.00,0.00,0.00,0.00,270.24,270.24
"20-3002-2054 (21.5” Finished V-Series Touch 1920x1080)",65.00,0.00,0.00,0.00,0.00,0.00,0.00
"20-3002-2057 (11.6"" Finished V-Series 1920x1080)",625.00,0.00,0.00,0.00,0.00,99.80,99.80
"20-3002-2058 (13.3"" Finished V-Series Touch 1920x1080)",2.00,0.00,5020.68,0.00,0.00,0.00,5020.68
"20-3002-2059 (13.3"" Finished V-Series 1920x1080)",130.00,0.00,0.00,0.00,520.20,0.00,520.20
"20-3002-2091 (10.1” Frameless V-Series Duco replacement  BBY Mount 245x106mm 1280...",143.00,0.00,0.00,0.00,152.08,0.00,152.08
"20-3002-2101 (23.8"" Frameless V-Series 1920x1080)",107.00,0.00,0.00,826.24,502.80,0.00,1329.04
"20-3002-2103 (10.1” Frameless V-Series BBY 260.6x140mm mounting holes1280x800)",65.00,0.00,0.00,0.00,0.00,0.00,0.00
"20-3002-2192 (43"" UW Finished V-Series Camera 1920x336)",65.00,0.00,0.00,0.00,0.00,0.00,0.00
"20-3002-2199 (35.8"" UW Finished V-Series 1920x540)",65.00,0.00,0.00,0.00,0.00,0.00,0.00
"20-3002-2201 (22.9"" UW Finished V-Series Slim Gen2 No Glass Daisy Chain Downlight...",65.00,0.00,0.00,0.00,0.00,0.00,0.00
"20-3002-2203 (13.3"" Finished V-Series Slim Gen2 No Glass Daisy Chain Downlighting...",65.00,0.00,0.00,0.00,0.00,0.00,0.00
"20-3002-2204 (21.9"" Finished V-Series OD:569*233*54mm 1920x720)",65.00,0.00,0.00,0.00,0.00,0.00,0.00
"20-3002-2205 (21.9"" Finished V-Series Slim Gen2 No Glass DaisyChain Downlighting ...",1122.00,0.00,0.00,0.00,0.00,814.84,814.84
"20-3002-2216 (15.6"" Frameless C Series, no HDMI 1366x768)",1025.00,0.00,0.00,0.00,0.00,629.44,629.44
"20-3002-2249 (6"" Frameless V-Series Touch, 720x1440)",7.00,0.00,181.64,0.00,0.00,0.00,181.64
"20-3002-2259 (19.1"" UW Finished V-Series Touch 1920x408)",52.00,0.00,352.36,0.00,0.00,0.00,352.36
"20-3002-2264 (10.1"" Frameless V-Series, Thin Form Factor, MicroSD Input, 1280x800)",59.00,0.00,837.87,0.00,0.00,0.00,837.87
"20-3003-0015 (8GB Sandisk Ultra Class10 MicroSD Card Gen 3)",122.00,0.00,236.14,2604.44,4503.51,0.00,7344.09
"20-3003-0016 (16GB Sandisk Ultra Class10 MicroSD Card, Gen 3)",27.00,0.00,2153.70,0.00,0.00,0.00,2153.70
"20-3003-0017 (32GB Sandisk Ultra Class10 MicroSD Card, Gen 3)",132.00,0.00,0.00,0.00,158.40,0.00,158.40
"20-3003-0018 (64GB Sandisk Ultra Class10 MicroSD Card, Gen 3)",88.00,0.00,0.00,31.48,0.00,0.00,31.48
"20-3003-0019 (8GB Kingston Class 4 MicroSD Card)",254.00,0.00,0.00,0.00,0.00,24.99,24.99
"20-3004-1004 (13.3"" Framless BrightSign Built-In Touch 1920x1080)",1492.00,0.00,0.00,0.00,0.00,0.00,0.00
"20-3004-1006 (15.6"" Framless BrightSign Built-In Touch 1920x1080)",1492.00,0.00,0.00,0.00,0.00,0.00,0.00
"20-3004-1008 (19.5"" Frameless BrightSign Built-In Touch 1600x900)",1416.00,0.00,0.00,0.00,0.00,0.00,0.00
"20-3004-1015 (10.1"" Frameless BrightSign Built-In Touch Sonos 1280x800)",1492.00,0.00,0.00,0.00,0.00,0.00,0.00
"20-3004-1031 (21.5"" Finished BrightSign Built-In XT-1144-PP Touch 1920x1080)",305.00,0.00,0.00,0.00,0.00,900.90,900.90
"20-3004-1038 (49"" Frameless BrightSign Built-In 1920x1080)",1492.00,0.00,0.00,0.00,0.00,0.00,0.00
"20-3004-1039 (32"" Finished BrightSign Built-InTouch 1920x1080)",1418.00,0.00,0.00,0.00,0.00,0.00,0.00
"20-3004-1042 (32"" Frameless BrightSign Built-In Optional USB button board 1920x1080)",1455.00,0.00,0.00,0.00,0.00,0.00,0.00
"20-3004-1066 (10.1"" Finished BrightSign Built-In POE+ 1280x800)",1492.00,0.00,0.00,0.00,0.00,0.00,0.00
"20-3004-1073 (19.5"" Finished BrightSign Built-In 1920x1080)",1492.00,0.00,0.00,0.00,0.00,0.00,0.00
"20-3004-1078 (32"" Finished BrightSign Built-In 1920x1080)",1492.00,0.00,0.00,0.00,0.00,0.00,0.00
"20-3004-1102 (Power Adapter 10.1"" Finished BrightSign Built-In  Touch POE Interna...",1492.00,0.00,0.00,0.00,0.00,0.00,0.00
"20-3004-1157 (21"" UW Finished BrightSign Built-In 1920x132)",1492.00,0.00,0.00,0.00,0.00,0.00,0.00
"20-3004-1162 (10.1"" Finished BrightSign Built-In Touch White Painting Network and...",1492.00,0.00,0.00,0.00,0.00,0.00,0.00
"20-3004-1171 (15.6"" Finished-VESA cabling BrightSign Built-In Touch Symmetric Pow...",1492.00,0.00,0.00,0.00,0.00,0.00,0.00
"20-3006-1005 (15.6"" Finished R Series Touch 1920x1080)",367.00,0.00,0.00,0.00,0.00,153.02,153.02
"20-3006-1008 (10.1"" Finished R Series Touch Countertop Portrait Black Housing 120...",1302.00,0.00,0.00,0.00,0.00,200.64,200.64
"20-3006-1011 (32"" Finished R Series Touch 1920x1080)",942.00,0.00,0.00,0.00,0.00,1513.44,1513.44
"20-3006-1015 (6"" Finished R Series Touch 1440x720)",1122.00,0.00,0.00,0.00,0.00,373.16,373.16
"20-3006-1032 (21.5"" Finished R Series, Touch, PoE, 1920x1080)",348.00,0.00,0.00,0.00,0.00,319.12,319.12
"20-3006-1051 (13.3"" Frameless R Series  PoE 1920x1080)",423.00,0.00,0.00,0.00,0.00,1272.44,1272.44
"20-3006-1068 (32"" Frameless R Series Touch POE++ 1920x1080)",756.00,0.00,0.00,0.00,0.00,1442.10,1442.10
"20-3006-1095 (15.6"" Finished R Series Touch POE+ 1920x1080)",148.00,0.00,0.00,0.00,142.35,0.00,142.35
"20-3006-1182 (13.3"" Countertop R Series Landscape Touch Black Housing 1920x1080)",739.00,0.00,0.00,0.00,0.00,125.15,125.15
"20-3006-1219 (13.3"" Finished R Series Touch POE 1920x1080)",892.00,0.00,0.00,0.00,0.00,129.87,129.87
"20-3006-1248 (8"" Finished R Series, 800x1280, Touch, POE, 5MP Camera, Countertop,...",400.00,0.00,0.00,0.00,0.00,578.64,578.64
"20-3008-1001 (10.1"" Finished BrightSign Built-In  Capacitive Touch 1280x800)",115.00,0.00,463.30,0.00,0.00,312.81,776.11
"20-3008-1002 (10.1"" Custom Frameless BrightSign Built-In Capacitive Touch 1280x80...",499.00,0.00,0.00,0.00,0.00,1403.78,1403.78
"20-3008-1008 (13.3"" Finished BrightSign Built-in, Touch, PoE, 1920x1080)",106.00,0.00,0.00,8812.12,0.00,0.00,8812.12
"20-3008-1010 (13.3"" Custom Finished BrightSign Built-In White Capacitive Touch Po...",636.00,0.00,0.00,0.00,0.00,560.08,560.08
"20-3008-1028 (10.1"" Finished  White BrightSign Built-In Touch POE+ 1280x800)",974.00,0.00,0.00,0.00,0.00,363.66,363.66
"20-3008-1034 (55"" Frameless BrightSign Built-In 1920x1080)",1934.00,0.00,0.00,0.00,0.00,473.02,473.02
"20-3008-1044 (10.1"" Frameless BrightSign Built-In 1280x800)",185.00,0.00,0.00,0.00,0.00,79.13,79.13
"20-3008-1045 (10.1"" Frameless BrightSign Built-In  PoE+ 1280x800)",72.00,0.00,0.00,1365.44,0.00,0.00,1365.44
"20-3008-1046 (10.1"" Frameless BrightSign Built-In  Capacitive Touch PoE 1280x800)",115.00,0.00,0.00,1864.26,0.00,0.00,1864.26
"20-3008-1051 (13.3"" Frameless BrightSign Built-In PoE 1920x1080)",147.00,0.00,0.00,0.00,1521.30,0.00,1521.30
"20-3008-1052 (13.3"" Frameless BrightSign Built-In Capacitive Touch PoE 1920x1080)",146.00,0.00,0.00,2430.60,1920.32,155.76,4506.68
"20-3008-1053 (15.6"" Frameless BrightSign Built-In PoE 1920x1080)",128.00,0.00,0.00,0.00,402.20,0.00,402.20
"20-3008-1054 (15.6"" Frameless BrightSign Built-In Capacitive Touch PoE 1920x1080)",128.00,0.00,0.00,1572.96,0.00,258.94,1831.90
"20-3008-1058 (21.5"" Frameless BrightSign Built-In  Capacitive Touch PoE+ 1920X1080)",95.00,0.00,0.00,2966.80,0.00,0.00,2966.80
"20-3008-1067 (32"" Frameless BrightSign Built-In PoE++ 1920x1080)",554.00,0.00,0.00,0.00,0.00,502.50,502.50
"20-3008-1085 (10.1"" Finished BrightSign Built-in, Touch, PoE, 1280x800)",22.00,0.00,27841.03,0.00,0.00,0.00,27841.03
"20-3008-1089 (11.6"" Finished BrightSign Built-In Capacitive Touch PoE 1920x1080)",185.00,0.00,0.00,0.00,0.00,244.92,244.92
"20-3008-1093 (15.6"" Finished BrightSign Built-In Capacitive Touch 1920x1080)",74.00,0.00,0.00,137.40,0.00,0.00,137.40
"20-3008-1095 (15.6"" Finished BrightSign Built-in, Touch, PoE, 1920x1080)",155.00,0.00,0.00,0.00,144.81,0.00,144.81
"20-3008-1096 (19.5"" Finished BrightSign Built-In 1920x1080)",602.00,0.00,0.00,0.00,0.00,118.02,118.02
"20-3008-1128 (10.1"" Custom Frameless Duco replacement BrightSign Built-In 245x106...",137.00,0.00,0.00,0.00,80.63,0.00,80.63
"20-3008-1129 (10.1"" Custom Frameless BrightSign Built-In BBY 260.4x140mm mounting...",240.00,0.00,0.00,0.00,0.00,321.12,321.12
"20-3008-1130 (19"" UW Finished BrightSign Built-In Touch 1920x360)",1750.00,0.00,0.00,0.00,0.00,170.68,170.68
"20-3008-1131 (19"" UW Finished BrightSign Built-In Touch POE+ 1920x360)",427.00,0.00,0.00,0.00,0.00,182.79,182.79
"20-3008-1134 (24"" UW Finished BrightSign Built-In Touch POE 1920x360)",1049.00,0.00,0.00,0.00,0.00,447.40,447.40
"20-3008-1135 (21"" UW Finished BrightSign Built-In Touch 1920x132)",1750.00,0.00,0.00,0.00,0.00,666.56,666.56
"20-3008-1148 (10.1"" Countertop BrightSign Built-In Capacitive Touch Portrait Whit...",194.00,0.00,0.00,978.10,0.00,291.30,1269.40
"20-3008-1149 (10.1"" Countertop BrightSign Built-In Landscape White Housing)",239.00,0.00,0.00,954.80,0.00,174.46,1129.26
"20-3008-1150 (10.1"" Finished LED BrightSign Built-In Capacitive Touch PoE 1280x800)",120.00,0.00,115.25,0.00,691.50,0.00,806.75
"20-3008-1159 (10.1"" Finished BrightSign Built-In Bose 1280x800)",1858.00,0.00,0.00,0.00,0.00,84.53,84.53
"20-3008-1160 (10.1"" Custom Frameless BrightSign Built-In BOSE-special use 1280x800)",1167.00,0.00,0.00,0.00,0.00,146.52,146.52
"20-3008-1167 (29"" UW FinishedBrightSign Built-In POE++ no glass 1920x540)",949.00,0.00,0.00,0.00,0.00,309.50,309.50
"20-3008-1172 (32"" Finished BrightSign Built-in, No Glass, 1920x1080)",192.00,0.00,0.00,0.00,0.00,158.26,158.26
"20-3008-1173 (49"" Frameless BrightSign Built-In 2 sets V-Series two brightness le...",1424.00,0.00,0.00,0.00,0.00,1541.75,1541.75
"20-3008-1175 (10.1"" Countertop BrightSign Built-In  Portrait Touch POE Proximity ...",904.00,0.00,0.00,0.00,0.00,103.53,103.53
"20-3008-1181 (10.1” Countertop BrightSign Built-In, Touch, Landscape, 1280x800)",417.00,0.00,0.00,102.82,0.00,1165.67,1268.49
"20-3008-1182 (13.3"" Countertop BrightSign Built-In, Touch, Landscape, 1920x1080)",199.00,0.00,117.73,0.00,1177.30,235.46,1530.49
"20-3008-1184 (19.5"" Frameless Standard BrightSign Built-In 5M camera 1920x1080)",1018.00,0.00,0.00,0.00,0.00,237.48,237.48
"20-3008-1192 (15.6"" Custom Finished BrightSign Built-In Touch WiFi on bottom back...",948.00,0.00,0.00,0.00,0.00,146.46,146.46
"20-3008-1195 (13.3"" Countertop BrightSign Built-In Landscape Touch POE Black Hous...",39.00,0.00,511.08,0.00,0.00,0.00,511.08
"20-3008-1196 (11.6"" Countertop BrightSign Built-In Landscape Touch POE Black Hous...",646.00,0.00,0.00,0.00,0.00,250.62,250.62
"20-3008-1197 (10.1” Countertop BrightSign Built-In, Touch, Portrait, 1280x800)",102.00,0.00,0.00,1040.90,0.00,0.00,1040.90
"20-3008-1198 (15.6"" Custom Frameless BrightSign Built-In Touch no mounting tabs W...",1453.00,0.00,0.00,0.00,0.00,132.94,132.94
"20-3008-1205 (10.1"" Finished BrightSign Built-In Touch POE+ 1920x1200)",270.00,0.00,0.00,0.00,0.00,1710.52,1710.52
"20-3008-1207 (10.1"" Custom Wedge BrightSign Built-In Touch Fan housing speaker US...",788.00,0.00,0.00,0.00,0.00,323.22,323.22
"20-3008-1209 (10.1"" Frameless BrightSign Built-In Touch 1920x1200)",239.00,0.00,0.00,0.00,0.00,2184.60,2184.60
"20-3008-1221 (55"" Finished BrightSign Built-In Outdoor Display, 2500nits 1920x1080)",855.00,0.00,0.00,0.00,0.00,8750.32,8750.32
"20-3008-1222 (19.5” Countertop BrightSign Built-In, Touch, Landscape, 1920x1080)",283.00,0.00,148.66,0.00,0.00,1782.89,1931.55
"20-3008-1223 (15.6” Countertop BrightSign Built-In, Touch, Landscape, 1920x1080)",462.00,0.00,0.00,0.00,0.00,695.30,695.30
"20-3008-1230 (55"" Finished BrightSign Built-In Outdoor Display, 1920x1080)",410.00,0.00,0.00,0.00,0.00,1357.88,1357.88
"20-3008-1236 (10.1"" Custom Countertop BrightSign Built-In Touch POE Landscape Bla...",60.00,0.00,113.32,0.00,0.00,0.00,113.32
"20-3008-1260 (13.3"" Countertop BrightSign Built-In Portrait Capacitive Touch 1920...",72.00,0.00,0.00,1239.80,0.00,0.00,1239.80
"20-3008-1267 (12.1” Outdoor Finished BSBI, Touch, POE++, IK10, Antiglare, 1280x800)",10.00,0.00,246.29,0.00,0.00,0.00,246.29
"20-3008-1268 (13.3"" Countertop BrightSign Built-In, Portrait, Touch, POE, White, ...",46.00,0.00,529.92,0.00,0.00,0.00,529.92
"20-3009-1002 (13.3"" Video Wall BrightSign Built-In 3x1 Black Housing 1920x1080)",554.00,0.00,0.00,0.00,0.00,1166.48,1166.48
"20-3009-1003 (15.6"" Video Wall BrightSign Built-In 3x1 Black Housing 1920x1080)",455.00,0.00,0.00,0.00,0.00,1106.64,1106.64
"20-3009-1222 (19.5"" Custom Finished BrightSign Built-In Countertop Touch 1920x108...",247.00,0.00,0.00,0.00,0.00,159.32,159.32
"20-3009-1233 (37"" Custom BrightSign Built-In Countertop Touch 1920x540 Landscape,...",730.00,0.00,0.00,0.00,0.00,556.33,556.33
"20-3009-1234 (39.4"" Custom UW Finished BrightSign Built-In (HS144) Built-In Capac...",157.00,0.00,0.00,2578.95,0.00,515.79,3094.74
"20-3009-1235 (39.4"" Custom Countertop UW Finished BrightSign Built-In (HS144) Bui...",142.00,0.00,0.00,496.32,3970.56,0.00,4466.88
"20-3009-1246 (Dual 55"" BSBI, 3840*2160 500nits and 1920*1080 4000nits, Finished, ...",358.00,0.00,0.00,0.00,0.00,0.00,0.00
"20-3009-1250 (15.6"" Custom Finished Brightsign Built In w/ capacative Touch, w/ H...",707.00,0.00,0.00,0.00,0.00,164.16,164.16
"20-3009-1252 (44"" Dual Stretched Finished BrightSign Built-In HS144, w/o Glass, W...",680.00,0.00,0.00,0.00,0.00,967.26,967.26
"20-3009-1262 (39.4"" Custom UW Finished BrightSign Built-In (XT1144) Built-In Capa...",166.00,0.00,0.00,12355.75,0.00,2471.15,14826.90
"20-3009-1271 (13.3"" Finished Bright Sign Built-In Touch POE, Outdoor, 1920 x 1080)",186.00,0.00,0.00,197.46,2369.52,3011.85,5578.83
"20-3009-1273 (46.0"" Finished Bright Sign Built-In XT1144 1920x1080)",11.00,0.00,448.70,0.00,0.00,0.00,448.70
"20-3009-1275 (48.0"" Finished UW Bright Sign Built-In (HS145) Touch 3840 x 352)",436.00,0.00,0.00,0.00,0.00,1367.54,1367.54
"20-3009-1276 (48.0"" Finished UW Bright Sign Built-In (HS145) Touch 3840 x 690)",431.00,0.00,0.00,0.00,0.00,681.89,681.89
"20-3009-1279 (49.0"" Custom Finished BrightSign XT1144-PP, flush silver bezel, inc...",11.00,0.00,305.26,0.00,0.00,0.00,305.26
"20-3009-1280 (43” Finished BrightSign Built-in (XT1144-PP), HDMI input, Touch, 38...",284.00,0.00,0.00,0.00,0.00,1261.41,1261.41
"20-3009-1282 (75” Finished BrightSign Built-in (XT144-pp), HDMI input, Larger bez...",262.00,0.00,0.00,0.00,0.00,984.26,984.26
"20-3009-1286 (24” UW Finished BrightSign Built-in (HS145) capacitive touch, 1920x...",273.00,0.00,0.00,0.00,0.00,487.84,487.84
"20-3009-1289 (39.1"" Custom UW Finished  Flex-OS, Touch, Bonded IK10 Glass, Anti-G...",105.00,0.00,0.00,685.88,0.00,0.00,685.88
"20-3009-1291 (10.1"" Finished LED BrightSign Built-In,  Touch, PoE, 1280x800)",53.00,0.00,773.01,992.16,0.00,0.00,1765.17
"20-3009-1292 (39.4"" Custom WHITE UW Finished  Capacitive touch, matte glass 3840x...",88.00,0.00,0.00,506.76,0.00,0.00,506.76
"20-3009-1293 (39.4"" Custom WHITE Countertop UW Finished BrightSign Built-In (HS14...",35.00,0.00,2481.50,0.00,0.00,0.00,2481.50
"20-3009-1295 (55"" Custom Finished Flex-OS, 25% Haze, 3840x2160, Walmart)",88.00,0.00,0.00,1073.40,0.00,0.00,1073.40
"20-3010-1002 (24"" Finished, RPBI, FHT-FL, with PI4, 4GB, 1920x1080)",1807.00,0.00,0.00,0.00,0.00,422.86,422.86
"20-3010-1008 (10.1"" Finished RPBI FH-FN V-Series Raspi Standard Touch Black w/PI4...",1530.00,0.00,0.00,0.00,0.00,856.60,856.60
"20-3010-1009 (10.1"" Finished RPBI, FH-FN, V-Series Raspi Countertop Touch Landsca...",1530.00,0.00,0.00,0.00,0.00,836.65,836.65
"20-3011-1001 (15.6"" Finished Seneca HDs Touch POE 1920x1080)",527.00,0.00,0.00,0.00,0.00,147.41,147.41
"20-3011-1002 (21.5"" Finished Seneca HDs Touch POE 1920x1080)",506.00,0.00,0.00,0.00,0.00,323.86,323.86
"20-3011-1003 (13.3"" Finished Seneca HDs Touch POE 1920x1080)",369.00,0.00,0.00,0.00,0.00,1869.44,1869.44
"20-3011-1005 (32"" Finished Seneca HDs Touch 1920x1080)",491.00,0.00,0.00,0.00,0.00,237.95,237.95
"20-3011-1223 (21.9"" Finished Seneca HDs 1920x720)",953.00,0.00,0.00,0.00,0.00,914.35,914.35
"20-3011-1232 (35.4” Finished Seneca HDs 2GB/32GB, 1920x438)",638.00,0.00,0.00,0.00,0.00,313.20,313.20
"20-3011-1244 (10.1"" Frameless G1 Intel capacitive touch 1280x800)",567.00,0.00,0.00,0.00,0.00,590.64,590.64
"20-3011-1245 (21.5"" Finished G2 Intel, IP65 front, 1500 NIT, IK10 bonded capaciti...",603.00,0.00,0.00,0.00,0.00,755.96,755.96
"20-3011-1248 (21.9"" Finished G1 Intel, No DP Port 1920*720  )",512.00,0.00,0.00,0.00,0.00,876.45,876.45
"20-3011-1249 (20.9"" Finished G1 Intel, 1920x360    )",575.00,0.00,0.00,0.00,0.00,177.66,177.66
"20-3011-1253 (19.5"" Finished G1 Intel, Capacitive Touch, PoE, WIFI, 4GB/32GB 1920...",430.00,0.00,0.00,0.00,0.00,355.32,355.32
"20-3011-1254 (20.9"" Finished Seneca , Dual LCD, PoE, IK 10    )",385.00,0.00,0.00,0.00,0.00,1556.36,1556.36
"20-3011-1259 (20.9"" Finished Seneca, Single LCD, PoE, IK10)",385.00,0.00,0.00,0.00,0.00,232.06,232.06
"20-3011-1261 (13.3"" Finished G1 Intel, Touch 1920 x 1080)",455.00,0.00,0.00,0.00,0.00,229.36,229.36
"20-3011-1262 (10.1” Finished G1 Intel, Touch, POE, LED Lights, 1280 x 800)",437.00,0.00,0.00,0.00,0.00,121.65,121.65
"20-3011-1267 (10.1"" Custom Finished, G1, Harbor Flip, 1280 x 800     )",143.00,0.00,0.00,0.00,96.32,0.00,96.32
"20-3011-1279 (10.1"" Finished B1 Intel, 1280x800, Capacitive Touch, PoE, LED Bars  )",72.00,0.00,0.00,1840.20,0.00,0.00,1840.20
"20-3012-1029 (21.9"" Finished 4K No Glass, 1920x718)",1054.00,0.00,0.00,0.00,0.00,214.30,214.30
"20-3012-1030 (35.8"" Finished 4K No Glass, 1920x540)",1054.00,0.00,0.00,0.00,0.00,743.16,743.16
"20-3012-1031 (42.9"" Finished 4K No Glass, 1920x342)",1054.00,0.00,0.00,0.00,0.00,1009.14,1009.14
"20-3012-1039 (43"" Custom Finished 4K Display w/ PCAP touch, speakers (2x20w), mic...",35.00,0.00,9604.40,0.00,0.00,0.00,9604.40
"20-3012-1041 (24” Custom Finished V series daisy chain, V1.2, 4K boards, 1920x360...",751.00,0.00,0.00,0.00,0.00,399.12,399.12
"20-3012-1052 (35"" Finished 4K Daisy Chain, No Glass, 1920 x 84)",185.00,0.00,0.00,0.00,0.00,296.09,296.09
"20-3013-1005 (21.9"" Finished V Series, Daisy Chain, 1920x720, No Glass, No SD, No...",107.00,0.00,0.00,939.55,0.00,0.00,939.55
"20-3013-1006 (35.4"" Finished V Series, Daisy Chain, 1920x450, No Glass, No SD, No...",66.00,0.00,0.00,2736.27,0.00,0.00,2736.27
"20-3014-1002 (47.1"" UW-Shelf Finished V4K, Daisy Chain, No Glass, 3840x160  )",102.00,0.00,0.00,6857.63,0.00,0.00,6857.63
"20-3018-0003 (49"" Finished Flex-OS, 1920x1080)",179.00,0.00,0.00,0.00,3686.54,0.00,3686.54
"20-3018-0005 (28"" UW Finished Flex-OS, 1920x360)",16.00,0.00,1054.35,0.00,0.00,0.00,1054.35
"20-3018-0006 (29"" UW Finished Flex-OS,1920x540  )",45.00,0.00,3198.30,0.00,0.00,0.00,3198.30
"20-3018-0007 (36.6"" UW Finished Flex-OS, 1920x290)",95.00,0.00,0.00,941.73,0.00,0.00,941.73
"20-3018-0008 (37"" UW Finished Flex-OS, 1920x540)",102.00,0.00,0.00,7031.07,0.00,0.00,7031.07
"20-3018-0014 (20.9"" UW Finished Flex-OS, PoE, 1920x360 (20.5x3.9""))",14.00,0.00,4823.52,0.00,0.00,0.00,4823.52
"20-3018-0017 (21.9” UW Finished Flex-OS, PoE, 1920x720 (20.5x7.7""))",219.00,0.00,0.00,0.00,0.00,5947.03,5947.03
"20-3018-0020 (48.5"" UW Finished Flex-OS, 3840x720, (48.5x10""))",165.00,0.00,0.00,562.21,3236.45,0.00,3798.66
"20-3018-0021 (32"" Finished Flex-OS, 1920 x 1080)",71.00,0.00,0.00,3954.85,0.00,0.00,3954.85
"20-3018-0022 (75"" High Bright Thin bezel Flex-OS, 3500NIT, 3840x2160    )",16.00,0.00,9290.76,0.00,0.00,0.00,9290.76
"20-3018-0025 (23.6"" Round Finished Flex-OS 1280x1280  )",64.00,0.00,1020.22,1020.22,0.00,0.00,2040.44
"20-3018-0026 (22"" Square Finished Flex-OS 1920x1920  )",80.00,0.00,1182.45,2364.90,0.00,0.00,3547.35
"20-3018-0028 (55"" Finished Flex-OS, High Bright Thin bezel , 3500NIT, 3840 x 2160  )",64.00,0.00,10459.35,0.00,0.00,1707.88,12167.23
"20-3018-0029 (55"" Finished Flex-OS, Outdoor, Anti-Glare, 3500NIT, 3840 x 2160  )",108.00,0.00,0.00,18052.56,6017.52,0.00,24070.08
"20-3018-0033 (21.5"" Finished Flex-OS, Outdoor, PoE++, 1500 NITS 1920 x 1080  )",122.00,0.00,0.00,0.00,3227.22,0.00,3227.22
"20-3018-1004 (55"" Finished Flex-OS, Touch, 3840x2160  )",92.00,0.00,5222.80,660.13,5941.17,0.00,11824.10
"20-3018-1005 (37"" UW Finished Flex-OS, Touch, 1920x540)",95.00,0.00,0.00,5283.46,0.00,0.00,5283.46
"20-3018-1006 (32"" Finished Flex-OS, Touch 1920 x 1080)",96.00,0.00,0.00,8459.22,0.00,0.00,8459.22
"20-3018-1008 (21.9” UW Finished Flex-OS, Touch, PoE, 1920x720 (20.5x7.7""))",217.00,0.00,0.00,0.00,527.80,14514.50,15042.30
"20-3018-1009 (20.9” UW Finished Flex-OS, Touch, PoE, 1920x360 (20.5x3.9""))",100.00,0.00,0.00,5507.46,0.00,262.26,5769.72
"20-3018-1011 (27"" Finished Flex-OS, Touch, 1920x1080  )",39.00,0.00,3270.75,0.00,0.00,0.00,3270.75
"20-3018-1015 (15.6"" Finished Flex-OS, Touch, PoE 1920 x 1080   )",11.00,0.00,9297.77,760.20,0.00,0.00,10057.97
"20-3018-1016 (21.5"" Finished Flex-OS, Touch, PoE 1920 x 1080   )",43.00,0.00,19083.90,6814.08,0.00,0.00,25897.98
"20-3018-1020 (48.5"" UW Finished Flex-OS, Touch, 3840x720, (48.5x10""))",218.00,0.00,0.00,0.00,0.00,2910.61,2910.61
"20-3018-1021 (21.5"" Finished Countertop Flex-OS, Touch, PoE+, 1920 x 1080   )",83.00,0.00,188.02,1316.14,0.00,0.00,1504.16
"20-3018-1024 (15.6"" Frameless Flex-OS, Touch, PoE 1920 x 1080)",31.00,0.00,1245.06,0.00,0.00,0.00,1245.06
"20-3018-1025 (21.5"" Frameless Flex-OS, Touch, PoE 1920 x 1080)",72.00,0.00,0.00,2953.26,0.00,0.00,2953.26
"20-3018-1034 (22"" White Square Finished Flex-OS, Touch,  1920x1920  )",46.00,0.00,459.56,0.00,0.00,0.00,459.56
"21-1000-1001 (Win 10 IoT Enterprise LTSC 2021 21H2 x64 English (1:M))",106.00,0.00,5505.00,0.00,6026.76,0.00,11531.76
"21-1000-1002 (Win 11 IoT Enterprise LTSC 2024 ESD OEI Entry EPKEA (1:M))",58.00,0.00,1927.64,1288.51,0.00,0.00,3216.15
"21-1000-1005 (Windows® 11 IoT Enterprise Entry (ESD) ePKEA (1:M))",175.00,0.00,0.00,0.00,1531.20,0.00,1531.20
"21-1000-1007 (Debian 10)",150.00,0.00,0.00,0.00,0.00,0.00,0.00
"21-1000-1015 (Debian 12 (128GB EmmC))",3.00,0.00,5.00,0.00,0.00,0.00,5.00
"70-2183-0001 (Power Adapter PCB, STATUS / 24VDC PWR SUPPLY 3BBL  )",571.00,0.00,0.00,0.00,0.00,4270.00,4270.00
"70-2203-0001 (Upper Control Board. Piggy Back Installed, ROHS.  )",395.00,0.00,0.00,0.00,0.00,1029.00,1029.00
"AC-ST01B-CB (ST01B Optional Carabiner.)",762.00,0.00,0.00,0.00,0.00,0.00,0.00
"AC05-WHITE (AC05 - Quad Charge -White Color 4 USB Charger for AC Outlets. UL Listed)",204.00,0.00,0.00,0.00,0.00,2868.85,2868.85
"AC12B-WHITE (AC12 - """" -White Color 2 USB / 1 AC Outlet  charger for AC Outlets w...",606.00,0.00,0.00,0.00,0.00,3416.40,3416.40
"AC25B-WHITE (AC25B - White AC Charger. ETL Certified, Input:100 -240VAC          ...",239.00,0.00,5500.00,0.00,0.00,6120.20,11620.20
"AC26-WHITE (AC26 - White AC Charger ETL Certified, PD32W Dual Port Wall Charger  ...",441.00,0.00,0.00,0.00,0.00,2089.50,2089.50
"ACAT01- CUSTOM (Custom Molded Silcone case for AT01)",287.00,0.00,0.00,0.00,0.00,14.00,14.00
"ACAT01-WHITE (White Silcone case for AT01)",53.00,0.00,290.88,0.00,0.00,0.00,290.88
"AT-AC03-SL (Basic Silver Lanyard for USB Drives)",762.00,0.00,0.00,0.00,0.00,0.00,0.00
"AT-BAT-AAA (Generic AAA Batteries)",99.00,0.00,0.00,213.47,0.00,0.00,213.47
"AT-PK-HW01 (Box, Cable and manual for HW01. bundle with HW02 to create HW01)",59.00,0.00,73.32,0.00,0.00,0.00,73.32
"AT-PK-WC38B (White Gift Box for WC38B)",29.00,0.00,400.00,0.00,0.00,0.00,400.00
"AT-PK03-SPX (Small Clear  Plastic Box with Magnetic Closure.)",762.00,0.00,0.00,0.00,0.00,0.00,0.00
"AT-PK08-BBS (PK08-BBS - Small black gift box)",2198.00,0.00,0.00,0.00,0.00,0.00,0.00
"AT-UD20-SWIVEL-BLACK (Black Swivel for UD20)",762.00,0.00,0.00,0.00,0.00,0.00,0.00
"AT-UD20-SWIVEL-WHITE (White Swivel for UD20)",614.00,0.00,0.00,0.00,0.00,0.00,0.00
"AT-UD20-U2-16G-286BLUE (UD20 - Twist - 286 Blue 16G  USB 2.0 Drive)",397.00,0.00,0.00,0.00,0.00,0.00,0.00
"AT-UD20-U2-16G-BLACK (UD20 - Twist - Black 16G  USB 2.0 Drive)",78.00,0.00,0.00,294.31,0.00,0.00,294.31
"AT-UD20-U2-16G-BLUE (UD20 - Twist - Blue 295 16G  USB 2.0 Drive)",187.00,0.00,0.00,0.00,236.00,57.50,293.50
"AT-UD20-U2-4G-286BLUE (UD20 - Twist - 286 Blue 4G  USB 2.0 Drive)",762.00,0.00,0.00,0.00,0.00,0.00,0.00
"AT-UD20-U2-4G-BLACK (UD20 - Twist - Black 4G  USB 2.0 Drive)",45.00,0.00,247.50,0.00,0.00,0.00,247.50
"AT-UD20-U2-4G-RED (UD20 - Twist - Red 4G  USB 2.0 Drive)",358.00,0.00,0.00,0.00,0.00,0.00,0.00
"AT-UD20-U2-8G-286BLUE (UD20 - Twist - 286 Blue 8G  USB 2.0 Drive)",662.00,0.00,0.00,0.00,0.00,28.50,28.50
"AT-UD20-U2-8G-BLACK (UD20 - Twist - Black 8G  USB 2.0 Drive)",57.00,0.00,900.90,0.00,414.37,0.00,1315.27
"AT-UD20-U2-8G-BLUE (UD20 - Twist - Blue 295 8G  USB 2.0 Drive)",672.00,0.00,0.00,0.00,0.00,49.72,49.72
"AT-UD20-U2-8G-RED (UD20 - Twist - Red 8G  USB 2.0 Drive)",635.00,0.00,0.00,0.00,0.00,915.20,915.20
"AT-UD20-U2-8G-Reflex Blue (UD20 - Twist - Reflex Blue 8G  USB 2.0 Drive)",504.00,0.00,0.00,0.00,0.00,107.00,107.00
"AT-UD807-U2-8G (UD807 - - 8GB  USB 2.0 Drive with Apple lightning connector.)",762.00,0.00,0.00,0.00,0.00,0.00,0.00
"AT-UD95-U2-4G-WHITE (UD95 - Slim -  4GB White USB 2.0 Drive)",762.00,0.00,0.00,0.00,0.00,0.00,0.00
"AT-UD95-U2-8G-WHITE (UD95 - Slim -  8GB White USB 2.0 Drive)",397.00,0.00,0.00,0.00,0.00,0.00,0.00
"AT01 (AT01 - MFi Air Tracker - White.)",22.00,0.00,21102.50,2242.50,0.00,0.00,23345.00
"AT02 (AT02 - Credit Card style MFi Air Tracker - White. Non rechargeable battery.)",407.00,0.00,0.00,0.00,0.00,1960.20,1960.20
"AT03 (AT03 - Credit Card style MFi Air Tracker - White. Wireless rechargeable bat...",333.00,0.00,0.00,0.00,0.00,2866.50,2866.50
"AT05 (AT05 - Black  Luggage Tag style MFi Air Tracker -. Wireless rechargeable ba...",10.00,0.00,11881.60,0.00,0.00,0.00,11881.60
"AT06 (AT06 -Clear Grey LED Keychain Flashlight with built in Findmy.)",66.00,0.00,2550.00,5762.40,0.00,0.00,8312.40
"AT07 (AT07 -Black Magnetic Phone Vfold Phone wallet with Apple Findmy.)",234.00,0.00,0.00,0.00,0.00,7793.40,7793.40
"AT08 (AT08 - Black 4400 mah Power Bank with built in Apple Findmy.  Magsafe compa...",234.00,0.00,0.00,0.00,0.00,18018.00,18018.00
"BA03 (BA03 -Wheat Straw multi Port data protector.)",978.00,0.00,0.00,0.00,0.00,199.63,199.63
"BF-FS55-CTA (Floorstand for 55"" Display)",242.00,0.00,0.00,0.00,0.00,1000.00,1000.00
"BSBI-1144XT-PP-WIFI. (BrightSign Built-In XT1144-PP board with WiFi)",177.00,0.00,0.00,0.00,858.00,0.00,858.00
"BSBI-HS123 (BrightSign Built-In HS123 companion board)",1465.00,0.00,0.00,0.00,0.00,0.00,0.00
"BSBI-HS124 (BrightSign Built-In HS124 companion board)",743.00,0.00,0.00,0.00,0.00,26691.00,26691.00
"BSBI-HS125 (BrightSign Built-In HS125 companion board)",60.00,0.00,10560.00,3960.00,0.00,0.00,14520.00
"BSBI-HS144 (BrightSign Built-In HS144, 4K companion board)",738.00,0.00,0.00,0.00,0.00,13113.00,13113.00
"BSBI-HS145 (BrightSign Built-In HS145 companion board)",48.00,0.00,395505.00,13043.25,0.00,0.00,408548.25
"BSBI-LS424 (BrightSign LS424 media player)",704.00,0.00,0.00,0.00,0.00,750.00,750.00
"BSBI-WD104 (BrightSign Built-In WD104, dual antenna Wi-Fi Module  )",279.00,0.00,112.50,1406.25,0.00,7031.25,8550.00
"BSBI-WD104-500 (BrightSign Built-In WD104, dual antenna Wi-Fi Module, 500mm long ...",202.00,0.00,0.00,0.00,0.00,0.00,0.00
"BSBI-WIFI (BrightSign Built-In Wi-Fi Module, WS103 Series 3 WIFI/Bluetooth  )",639.00,0.00,0.00,0.00,0.00,1925.00,1925.00
"BSBI-XT1144-PP (BrightSign Built-In XT1144-PP-PCBA)",181.00,0.00,183.00,4575.00,183.00,7869.00,12810.00
"CA10 (CA10 - 2 port Car Charger - 30W PD and 18W QC.   Input: DC 12-24V, USB-C ou...",1492.00,0.00,0.00,0.00,0.00,0.00,0.00
"CB30-BLACK (CB30 - Black Keychain Cable - 6 pin lightning, micro usb magnetic key...",762.00,0.00,0.00,0.00,0.00,0.00,0.00
"CB34-RED (CB34 - Red Square keychain 3 in 1 Charging cable.  6 pin lightning, mic...",1492.00,0.00,0.00,0.00,0.00,0.00,0.00
"CB46-BLACK (CB46 -Black -  Keychain 3 in charging Cable with aluminum accents.  I...",232.00,0.00,10.00,0.00,0.00,100.00,110.00
"CB47-BLACK (CB47-Black -  Braided 3 in 1 Charging cable with aluminum trim.  Incl...",388.00,0.00,0.00,0.00,0.00,185.85,185.85
"CB61 (CB61- - Bamboo Charging Cable, USB A input, USB C input, USB C output ( 2A ...",77.00,0.00,0.00,883.65,0.00,0.00,883.65
"CB62 (CB62- - Bamboo Charging Cable Kit. Includes USB-A  to USB-C cable and, C to...",25.00,0.00,8241.75,0.00,0.00,0.00,8241.75
"CB64-BLACK (CB64- - Black Square retractable 3 in 1 charging cable with phone sta...",312.00,0.00,0.00,0.00,0.00,21.60,21.60
"CB64-WHITE (CB64- - White Square retractable 3 in 1 charging cable with phone sta...",391.00,0.00,0.00,0.00,0.00,1060.80,1060.80
"CB65 (CB65- - White 1M 60 Watt USB C to USB C charging cable.)",375.00,0.00,0.00,0.00,0.00,228.80,228.80
"CB66 (CB66- - Black Braided Type C 60 Watt PD 3 in 1 data cable.  Type C 60Wpd ou...",185.00,0.00,0.00,0.00,0.00,554.61,554.61
"CB78 (CB78 - Type C 100 Watt, 3 in 1 Retractable Data Cable.  Features Type C inp...",93.00,0.00,0.00,2275.25,0.00,0.00,2275.25
"CR01 (CR01 - Custom PVC Croc Charms)",36.00,0.00,147.75,0.00,0.00,0.00,147.75
"CT-BAG (Plastic Bag for Cooling Towel)",762.00,0.00,0.00,0.00,0.00,0.00,0.00
"CT-RPET LABEL (Labels for Rpet Cooling Towel.)",413.00,0.00,0.00,0.00,0.00,0.00,0.00
"DF11-WHITE (DF11 - 9.7"" IPS LCD advertising player with integrated 15W mobile pho...",762.00,0.00,0.00,0.00,0.00,0.00,0.00
"DW01-SILVER (20 Oz  Silver -  Double Wall Stainless Tumbler)",719.00,0.00,0.00,0.00,0.00,14510.52,14510.52
"DW01P-BLACK (20 Oz  Black - Powder Coated Double Wall Stainless Tumbler)",896.00,0.00,0.00,0.00,0.00,12189.06,12189.06
"DW01P-WHITE (20 Oz  White - Powder Coated Double Wall Stainless Tumbler)",159.00,0.00,0.00,0.00,3510.00,1177.02,4687.02
"DW02-BLACK (DW02- Black - 30oz - Double Wall Stainless Vacuum Tumbler.)",1239.00,0.00,0.00,0.00,0.00,485.46,485.46
"DW02-SILVER (DW02- Silver- 30oz - Double Wall Stainless Vacuum Tumbler.)",365.00,0.00,0.00,0.00,0.00,1951.25,1951.25
"DW06-BLACK (DW06- Black - 12oz cup with stainless band.)",847.00,0.00,0.00,0.00,0.00,5431.12,5431.12
"DW06-RED (DW06- Red 12oz cup with stainless band.)",1229.00,0.00,0.00,0.00,0.00,1658.80,1658.80
"DW06-SILVER (DW06- Silver - 12oz cup with stainless band.)",791.00,0.00,0.00,0.00,0.00,4139.85,4139.85
"DW06-WHITE (DW06- White 12oz cup with stainless band.)",708.00,0.00,0.00,0.00,0.00,201.84,201.84
"DW07-BLACK (DW07- Black - 20oz straw bottle.)",389.00,0.00,0.00,0.00,0.00,4419.87,4419.87
"DW07-WHITE (DW07- White - 20oz straw bottle.)",708.00,0.00,0.00,0.00,0.00,2440.62,2440.62
"DW16-RED (DW16- Red - 20 OZ Double Wall Vacuum Stainless Tumbler with straw and B...",1239.00,0.00,0.00,0.00,0.00,992.20,992.20
"EB54 (EB54 - Bone Conduction Headphones.   Bluetooth 5.0)",397.00,0.00,0.00,0.00,0.00,0.00,0.00
"EB56 (EB56 - Budget Bluetooth earbuds.)",25.00,0.00,66.00,0.00,0.00,0.00,66.00
"EC01-BLACK (EC01 - Silicone Airpod Case Covers - Black Silicone Case Cover for Ap...",374.00,0.00,0.00,0.00,0.00,38.71,38.71
"EC03-BLUE (EC03 - Royal Blue ThinSilicone Airpod Case Covers - for Apple Airpods,...",762.00,0.00,0.00,0.00,0.00,0.00,0.00
"EC05-BLUE (EC05 - Silicone Airpod Plus Case Covers - Blue Silicone Case Cover for...",220.00,0.00,0.00,0.00,0.00,102.07,102.07
"EC07-BLACK (EC07 - Silicone Airtag Keyring Covers - Black Silicone Case Cover for...",647.00,0.00,0.00,0.00,0.00,48.80,48.80
"EC07B-BLUE (EC07B - Silicone Airtag Keyring Covers - Blue Silicone Case Cover for...",71.00,0.00,0.00,2.30,0.00,0.00,2.30
"EC09-BLACK (EC09 - - Black Leather Case for Apple Airtags includes Split ring key...",19.00,39.13,1668.03,0.00,0.00,0.00,1707.16
"EC09-BROWN (EC09 - - Brown Leather Case for Apple Airtags includes Split ring key...",203.00,4.95,0.00,0.00,0.00,634.38,639.33
"EC10-BLACK (EC10 - - Black Silicone Apple Airpods Gen 3 Case with carabiner.)",105.00,0.00,0.00,168.97,0.00,0.00,168.97
"ES04 (ES04 - Bluetooth Earbud Connector to transmit through 3.5mm audio jack.  Ea...",50.00,0.00,13650.00,11597.95,0.00,0.00,25247.95
"ES05 (ES05 -White Bluetooth Wireless Transmitter witih LED.Transmit or recieve to...",123.00,0.00,0.00,0.00,4158.30,0.00,4158.30
"FM04 (FM04 - Face Shield)",762.00,0.00,0.00,0.00,0.00,0.00,0.00
"FN05-PURPLE (FN05 -3 in 1 Fan - Purple with Purple trim Silcone Fan with Type C, ...",762.00,0.00,0.00,0.00,0.00,0.00,0.00
"FN05B-BLACK (FN05B -3 in 1 Fan - Black with black trim Silcone Fan with Type C,  ...",249.00,0.00,62.70,0.00,0.00,1045.00,1107.70
"FN05B-WHITE (FN05B -3 in 1 Fan - White with black trim Silcone Fan with Type C,  ...",53.00,0.00,1662.10,368.50,0.00,0.00,2030.60
"FN09B-WHITE (FN09B - - White Cool Breeze Neck Fan.)",93.00,0.00,0.00,7245.00,5428.50,0.00,12673.50
"FN15 (FN15 Charcoal Grey Aluminum Mini Fan.  3 Speeds, 4000mah battery. Up to 20 ...",10.00,0.00,8919.00,0.00,0.00,0.00,8919.00
"HS03-BEIGE (HS03 - Beige Wheat Straw Dog Bone Shaped Dog Poop bag holder.)",762.00,0.00,0.00,0.00,0.00,0.00,0.00
"HW02-BLACK (HW02  2 Pack of Black Handwarmers.  3 heat settings, white box package.)",60.00,0.00,24287.90,0.00,0.00,0.00,24287.90
"IC07 (IC07- Rotate  Ipad 10.2 Case.  Leatherette case rotates 360 degrees for ult...",137.00,0.00,0.00,0.00,1.95,0.00,1.95
"IS01-BLACK (IS01- """"- Black Aluminum Tablet /  Mobile Device Stand.)",814.00,0.00,0.00,0.00,0.00,1648.76,1648.76
"IS01-BLUE (IS01- """"- Blue Aluminum Tablet /  Mobile Device Stand.)",397.00,0.00,0.00,0.00,0.00,0.00,0.00
"IS01-SILVER (IS01- """"- Silver Aluminum Tablet /  Mobile Device Stand.)",814.00,0.00,0.00,0.00,0.00,2242.84,2242.84
"IS03-BLACK (IS03- """"- Folding Black Aluminum Tablet /  Mobile Device Stand.)",193.00,0.00,0.00,0.00,0.00,550.80,550.80
"IS03-SILVER (IS03- """"- Folding Silver Aluminum Tablet /  Mobile Device Stand.)",100.00,0.00,0.00,1398.32,0.00,0.00,1398.32
"JB01-BLACK (JB-Topaz, Black 2200 MaH Emergency Charger.  5V, 1A Output via USB.  ...",57.00,0.00,2.50,0.00,0.00,0.00,2.50
"JB2169-GREY (JB2169- 5K mah Dark  Aluminum Magsafe Compatible Power Bank with u s...",22.00,0.00,19363.50,0.00,0.00,0.00,19363.50
"JB25-BLACK (JB-Aluminum Black 4000 MaH Emergency Charger.  5V, 2.1 & 1A Output vi...",94.00,0.00,0.00,1925.00,0.00,3.85,1928.85
"JB39D-WHITE (JB39D -  Compact White 5000mah High Density Power bank. USB C output.)",123.00,0.00,0.00,0.00,1310.40,0.00,1310.40
"JB43-WHITE (JB43 -  White 10,000mah Power Bank, Output: 1 x 2.1A, 1 x 1A)",70.00,0.00,0.00,94.16,0.00,0.00,94.16
"JB57 (JB57 - 5000 mah Magnetic Wireless Charging Power Bank. With 20W PD Output.)",17.00,0.00,3876.30,0.00,0.00,0.00,3876.30
"JB58 (JB58 - 20K Mah 65 Watt Power Bank.    Total 65W PD output)",569.00,0.00,0.00,0.00,0.00,2207.20,2207.20
"JB65 (JB65 - Black 3 in 1, 10K Mah Magnetic 15W Wireless Charging Power Bank..  C...",246.00,0.00,0.00,0.00,0.00,6237.00,6237.00
"JB66 (JB66 - 10,000ma Magnetic Wireless  Power Bank with LED.  Type C output. Inc...",24.00,0.00,18648.00,0.00,0.00,0.00,18648.00
"LY202 (LY202 -  3/4"" Polyester with Sublimation print.  Standard J Clip attachment.)",9.00,0.00,82.50,0.00,0.00,0.00,82.50
"LY61-BLACK (LY61- CableLanyard - Black Silicone Phone Lanyard / Charging Cable.  ...",762.00,0.00,0.00,0.00,0.00,0.00,0.00
"LY61-WHITE (LY61- CableLanyard - White Silicone Phone Lanyard / Charging Cable.  ...",762.00,0.00,0.00,0.00,0.00,0.00,0.00
"MA08-BLACK (MA08 Black Silicone Straw Topper for 40oz Stanley Cups.)",114.00,0.00,0.00,449.63,0.00,0.00,449.63
"MA08-BLUE (MA08 Blue Silicone Straw Topper for 40oz Stanley Cups.)",114.00,0.00,0.00,408.38,0.00,0.00,408.38
"MA08-WHITE (MA08 White Silicone Straw Topper for 40oz Stanley Cups.)",114.00,0.00,0.00,142.73,0.00,0.00,142.73
"MG04B (MG04B- Massage Gun)",73.00,0.00,13500.00,16298.59,0.00,0.00,29798.59
"MG06 (MG06 -Aurora Blue - Eye Massager)",575.00,0.00,0.00,0.00,0.00,451.03,451.03
"MG07 (MG07 - White Eye Massager)",253.00,0.00,0.00,0.00,0.00,3815.00,3815.00
"MR01-GREY (MR01 - Mobile Ring - Grey Metal Phone Holder Ring.)",762.00,0.00,0.00,0.00,0.00,0.00,0.00
"MR01-PINK (MR01 - Mobile Ring - Pink Metal Phone Holder Ring.)",762.00,0.00,0.00,0.00,0.00,0.00,0.00
"OM19-BLUE (OM19 - Zoom - Blue -  Wireless mouse.)",381.00,0.00,0.00,0.00,0.00,61.20,61.20
"OptConnect- Airgain-Modem (Opt Connect Airgain Modem)",67.00,0.00,0.00,1200.00,0.00,0.00,1200.00
"OptConnect-Gemini-Antenna (OptConnect Gemini Antenna)",67.00,0.00,0.00,250.00,0.00,0.00,250.00
"OptConnect-MPCIE-Cellular (Opt Connect MPCIE cellular modem adapter board)",67.00,0.00,0.00,426.70,0.00,0.00,426.70
"OptConnect-UFL-to-SMA -Antenna (Opt Connect U.FL to SMA  Antenna Leads)",67.00,0.00,0.00,100.00,0.00,0.00,100.00
"PH21 (PH21 - Black Stick on Magnetic Phone Holder)",248.00,0.00,0.00,0.00,0.00,131.86,131.86
"PH24 (PH24 - Black Car Cup Mount Phone Holder.)",256.00,0.00,0.00,0.00,0.00,2704.41,2704.41
"PH26 (PH26 - Black Vent Mount Gravity Phone Holder.)",397.00,0.00,0.00,0.00,0.00,0.00,0.00
"PH29 (PH29 - Deluxe Black AirPlane Phone Holder.)",263.00,0.00,0.00,0.00,0.00,1496.25,1496.25
"PH30 (PH30 - Deluxe Black AirPlane Phone Holder.)",263.00,0.00,0.00,0.00,0.00,3009.60,3009.60
"PK-EK310 (Black Leatherette Zipper Case with Foam Cut out for JB17, AC05, pocket ...",762.00,0.00,0.00,0.00,0.00,0.00,0.00
"PK-ST01-WS (PK-ST01-WS -  Wheat Straw tube for ST01B.  Eco friendly biodegradable...",762.00,0.00,0.00,0.00,0.00,0.00,0.00
"PK313 (Black Leatherette Zipper case.)",759.00,0.00,0.00,0.00,0.00,0.00,0.00
"PM01-BLACK (PM01 - Pointer Mouse - Black hand held mouse, stylus and powerpoint p...",117.00,0.00,0.00,117.92,0.00,0.00,117.92
"PN01-BLACK (PN01 - Tactical Pen - Black.  Black Aluminum pen with glass breaker.)",469.00,0.00,0.00,0.00,0.00,256.23,256.23
"PROP65-CD (Prop65 Sticker - Cadmium.)",397.00,0.00,0.00,0.00,0.00,0.00,0.00
"PROP65-PB (Prop65 Sticker - Lead.)",397.00,0.00,0.00,0.00,0.00,0.00,0.00
"PROP65-PT (Prop65 Sticker - Pthlates.)",397.00,0.00,0.00,0.00,0.00,0.00,0.00
"PW01-BLACK (PW01 - Phone Wallet - Black Silicone Phone Wallet for mobile devices....",99.00,86.25,0.00,0.00,0.00,74.75,161.00
"PW01-BLUE (PW01 - Phone Wallet - Blue Silicone Phone Wallet for mobile devices. P...",704.00,0.00,0.00,0.00,0.00,0.00,0.00
"PW01-RED (PW01 - Phone Wallet - Red Silicone Phone Wallet for mobile devices. Per...",762.00,0.00,0.00,0.00,0.00,0.00,0.00
"PW01-WHITE (PW01 - Phone Wallet - White Silicone Phone Wallet for mobile devices....",724.00,0.00,0.00,0.00,0.00,0.00,0.00
"PW06B-BLACK (PW06 - Double Phone Wallet - Black Silicone Phone 2 pocket Wallet fo...",295.00,0.00,0.00,0.00,0.00,59.56,59.56
"RFID52 (RFID52 - Digital Business Card powered by Hiwav.  PVC RFID business card ...",70.00,0.00,0.00,732.00,0.00,0.00,732.00
"SC21B-DARKBLUE (SC21B  -Spray & Wipe, Navy  Blue, Water based screen cleaner with...",193.00,0.00,0.00,0.00,0.00,10161.67,10161.67
"SC21B-GREY (SC21B  -Spray & Wipe,  Grey,   Water based screen cleaner with integr...",193.00,0.00,0.00,0.00,0.00,23853.79,23853.79
"Seneca-HDsV4 (Intel Celeron, 8GB DDR4, 64GB eMMC, 1x Realtek Gigabit 10/100/1000 ...",370.00,0.00,0.00,0.00,0.00,6405.00,6405.00
"SL02B-BLACK (SL02B -Selfie Ring - Black, Round Selfie Light for Mobile phones.)",624.00,0.00,0.00,0.00,0.00,1039.26,1039.26
"SL07-BLACK (SL07 -10"" Ring light with Tripod stand and phone holder.)",336.00,0.00,0.00,318.25,0.00,0.00,318.25
"SL14-WHITE (SL14 -Selfie Ring - White, Round Selfie Light for Mobile phones with ...",35.00,0.00,9000.00,28.80,72.00,0.00,9100.80
"SLV04-BLACK (SLV04-Black - Vaccine Card Holder-)",762.00,0.00,0.00,0.00,0.00,0.00,0.00
"SP66B-BLACK (SP66 -"""" Black Bluetooth Speaker.)",18.00,0.00,3877.20,0.00,0.00,0.00,3877.20
"SP76-WHITE (SP76 - White Bluetooth Wireless Speaker with integrated Wireless Char...",66.00,0.00,9400.00,0.00,1927.00,0.00,11327.00
"SP82B (SP82 - Wood light up Bluetooth speaker.  Recharges vis USB C.)",644.00,0.00,0.00,0.00,0.00,1597.75,1597.75
"SP88B (SP88B - Black - IPX 7 Waterproof Bluetooth speaker.  Recharges via Type C.)",200.00,0.00,9300.00,0.00,0.00,7058.50,16358.50
"SP89B (SP89B - Black - Rectangular IPX 4 Water proof   Bluetooth speaker with car...",290.00,0.00,0.00,0.00,0.00,17045.60,17045.60
"SP91 (SP91 - Bamboo Wireless speaker with convenient phone holder on top.)",397.00,0.00,0.00,0.00,0.00,11734.45,11734.45
"ST01B-BLUE (ST01B - Blue  Silicone / Stainless Steel retractable straw.)",762.00,0.00,0.00,0.00,0.00,0.00,0.00
"ST01B-RED (ST01B - Red Silicone / Stainless Steel retractable straw.)",762.00,0.00,0.00,0.00,0.00,0.00,0.00
"TA06 (TA06 -Black with Grey Trim Universal Travel Adapter, with 4 USB (Total 2.4A...",175.00,0.00,0.00,0.00,7315.00,0.00,7315.00
"TA11-BLACK (TA11 - Travel Spot -Black Travel Charger.  Features 2  integrated USB...",382.00,0.00,0.00,0.00,0.00,3820.50,3820.50
"TA14-WHITE (TA14 -White Travel Adapter / Charger.  Features 1 USBA and 1 USB Type...",114.00,0.00,0.00,3945.00,0.00,0.00,3945.00
"TA15-BLACK (TA15- Travel Spot -Black Basic Travel Adapter.)",35.00,0.00,2400.00,0.00,0.00,0.00,2400.00
"TL09-BLACK (TL09- Black 3 in 1 COB Flashlight with Magnet, Glass Breaker and Seat...",547.00,0.00,0.00,0.00,0.00,1659.84,1659.84
"TS01-BLACK (TS01 - The Digit - Black, Capacitive Touch Stylus)",762.00,0.00,0.00,0.00,0.00,0.00,0.00
"TS01-SILVER (TS01 - The Digit - Silver, Capacitive Touch Stylus)",762.00,0.00,0.00,0.00,0.00,0.00,0.00
"TS11B (TS11B - Zinc Alloy Keychain / Stylus / Door Opener.)",762.00,0.00,0.00,0.00,0.00,0.00,0.00
"TT14-BLACK (TT14-Silicone Popper Game - Black)",438.00,0.00,0.00,0.00,0.00,1149.99,1149.99
"TT14-RED (TT14-Silicone Popper Game - Red)",172.00,0.00,0.00,0.00,50.80,0.00,50.80
"TT15 (TT15 - Mini silicone Popper)",133.00,0.00,0.00,0.00,629.65,0.00,629.65
"TT17 (TT17 Hamburger Popper.)",176.00,2.45,0.00,0.00,736.75,0.00,739.20
"UD20-U2-128M (UD20 - Twist -  128MB  USB 2.0 Drive)",10.00,0.00,8.71,0.00,0.00,0.00,8.71
"UD20-U2-16G (UD20 - Twist -  16G  USB 2.0 Drive)",9.00,0.00,2.30,0.00,0.00,0.00,2.30
"UDPVC-U2-8G (UDPVC - Custom PVC Drive - 8GB  USB 2.0 Drive)",9.00,0.00,8.68,0.00,0.00,0.00,8.68
"UH25 (UH25 - Silver 7 in 1 USB C Hub.1- USB C to 87W PD, 3 USB, 1 HDMI, 1-SD, 1-T...",397.00,0.00,0.00,0.00,0.00,0.00,0.00
"UH26 (UH26 - Space Grey, Type C 3 Port USB 3.0 Hub.)",496.00,0.00,0.00,0.00,0.00,632.95,632.95
"UH37B (UH37B - Bamboo Type A/C  4 port USB Hub.  integrated USB A/C input cable,....",35.00,0.00,13.75,0.00,0.00,0.00,13.75
"UH38B (UH38B - Bamboo Type A/C  4 port USB Hub.  integrated USB A/C input cable,....",35.00,0.00,11.75,0.00,0.00,0.00,11.75
"WC-ADAPTER-APPLE (Apple Lightning adapter White for wireless chargers.)",397.00,0.00,0.00,0.00,0.00,0.00,0.00
"WC-ADAPTER-MICRO (Micro USB adapter Black  for wireless chargers.)",397.00,0.00,0.00,0.00,0.00,0.00,0.00
"WC10B-WHITE/WHITE (WC10B -Wireless Charger -  White with White trim.  Compatible ...",39.00,0.00,11050.00,3253.80,0.00,0.00,14303.80
"WC16B-WHITE (WC16 - """" - Clear White with black trim,  Wireless Qi Charger.  Uses...",940.00,0.00,0.00,0.00,0.00,1036.07,1036.07
"WC21B (WC21B - Black Quick Charge 10W Phone Stand Wireless Charger.  Output : 15W...",35.00,51.10,1314.00,0.00,0.00,0.00,1365.10
"WC35-BLACK (WC35 - Black 15 Watt, 4 in 1 wireless charger.  Charges phone, airpod...",498.00,0.00,0.00,0.00,0.00,8575.00,8575.00
"WC36-BLACK (WC36 - Black 15 Watt, 3 in 1 wireless charger.  Charges phone, airpod...",413.00,0.00,0.00,0.00,0.00,14467.00,14467.00
"WC38B-WHITE (WC38B - White 15 Watt, 3 in 1 folding wireless charger with Plastic ...",274.00,0.00,0.00,0.00,0.00,9543.60,9543.60
"WC41 (WC41 - 15Watt White  Wireless Charger, Type C input :5V/3A?9V/2A , Wireless...",30.00,0.00,5000.00,1609.40,0.00,0.00,6609.40
"WC42 (WC42 - 15Watt Black Vent Mount Wireless Charger, Type C input :5V/3A?9V/2A ...",662.00,0.00,0.00,0.00,0.00,9150.40,9150.40
"WC43-BLACK (WC43 - Black 15 Watt, 3 in 1 wireless charger.  Charges phone, airpod...",43.00,0.00,162.00,0.00,0.00,0.00,162.00
"WC45-BLACK (WC45- Black Magnetic Max 15Watt 3 in 1 Wireless charger with built in...",303.00,0.00,0.00,0.00,0.00,7466.80,7466.80
"WC46 (WC46- Black Magnetic Max 15Watt Flexible Car Phone Holder)",284.00,0.00,0.00,0.00,0.00,3048.00,3048.00
"WC47 (WC47-Space Grey Rotating 3 in 1 Wireless Charging Desktop Phone Stand. 15W ...",207.00,0.00,0.00,0.00,0.00,8445.60,8445.60
"WC48 (WC48 White Qi2.0  Magnetic  Wireless Charger. Wireless charger output:15W/1...",191.00,0.00,0.00,0.00,0.00,11843.75,11843.75
"WC50 (WC50 - Black / Transparent 15Watt   Wireless Charger, Type C input :5V/3A 9...",668.00,0.00,0.00,0.00,0.00,4301.95,4301.95
"WC51 (WC51 - Black / Transparent Dual -  15Watt   Wireless Charger, Type C input ...",428.00,0.00,0.00,0.00,0.00,4088.50,4088.50
"Total Inventory","",183.88,761084.58,224087.91,79855.50,492806.64,1558018.51
"TOTAL","",183.88,761084.58,224087.91,79855.50,492806.64,1558018.51
